"No.","Time","Source","Destination","Protocol","Length","Info"
"1","0.000000","142.251.221.98","10.1.0.73","UDP","155","443  >  59390 Len=113"
"2","0.001213","142.251.221.98","10.1.0.73","UDP","64","443  >  59390 Len=22"
"3","0.001401","10.1.0.73","142.251.221.98","UDP","77","59390  >  443 Len=35"
"4","0.043358","142.251.221.98","10.1.0.73","UDP","66","443  >  59390 Len=24"
"5","0.060887","10.1.0.43","224.0.0.252","LLMNR","68","Standard query 0x9f64 ANY TUF-CRUZ"
"6","0.061069","10.1.0.43","224.0.0.22","IGMPv3","70","Membership Report / Join group 224.0.0.251 for any sources / Join group 239.255.255.250 for any sources / Join group 224.0.0.252 for any sources"
"7","0.061096","fe80::708:2dfd:1a83:4aee","ff02::16","ICMPv6","130","Multicast Listener Report Message v2"
"8","0.061448","fe80::708:2dfd:1a83:4aee","ff02::16","ICMPv6","90","Multicast Listener Report Message v2"
"9","0.061463","10.1.0.43","224.0.0.22","IGMPv3","54","Membership Report / Leave group 224.0.0.251"
"10","0.061473","fe80::708:2dfd:1a83:4aee","ff02::16","ICMPv6","90","Multicast Listener Report Message v2"
"11","0.062240","10.1.0.43","224.0.0.22","IGMPv3","54","Membership Report / Join group 224.0.0.251 for any sources"
"12","0.163893","10.1.0.69","239.255.255.250","SSDP","211","M-SEARCH * HTTP/1.1 "
"13","0.195626","182.161.73.175","10.1.0.73","TCP","54","443  >  52281 [FIN, ACK] Seq=1 Ack=1 Win=69 Len=0"
"14","0.195688","10.1.0.73","182.161.73.175","TCP","54","52281  >  443 [ACK] Seq=1 Ack=4294966743 Win=255 Len=0"
"15","0.368449","fe80::708:2dfd:1a83:4aee","ff02::1:3","LLMNR","88","Standard query 0x9f64 ANY TUF-CRUZ"
"16","0.382539","10.1.0.73","8.8.4.4","DNS","78","Standard query 0xe709 A capi.grammarly.com"
"17","0.398566","8.8.4.4","10.1.0.73","DNS","206","Standard query response 0xe709 A capi.grammarly.com A 98.89.245.112 A 54.172.218.160 A 35.170.136.131 A 54.86.231.28 A 52.7.28.129 A 3.222.186.181 A 34.227.141.149 A 3.212.245.47"
"18","0.399248","10.1.0.73","98.89.245.112","TCP","66","63399  >  443 [SYN] Seq=0 Win=65535 Len=0 MSS=1460 WS=256 SACK_PERM"
"19","0.432929","10.1.0.73","8.8.4.4","DNS","76","Standard query 0x390e A in.grammarly.com"
"20","0.449565","8.8.4.4","10.1.0.73","DNS","204","Standard query response 0x390e A in.grammarly.com A 52.55.46.215 A 3.221.197.202 A 52.71.213.214 A 100.49.215.251 A 98.89.213.205 A 100.25.122.0 A 3.231.35.7 A 34.196.211.71"
"21","0.450583","10.1.0.73","52.55.46.215","TCP","66","63400  >  443 [SYN] Seq=0 Win=65535 Len=0 MSS=1460 WS=256 SACK_PERM"
"22","0.470507","10.1.0.43","224.0.0.252","LLMNR","68","Standard query 0x9f64 ANY TUF-CRUZ"
"23","0.472523","182.161.73.175","10.1.0.73","TLSv1.2","608","[TCP Retransmission] , Application Data, Application Data"
"24","0.472637","10.1.0.73","182.161.73.175","TCP","54","52281  >  443 [ACK] Seq=1 Ack=2 Win=253 Len=0"
"25","0.536464","10.1.0.73","35.214.229.62","TCP","66","59441  >  443 [SYN] Seq=0 Win=65535 Len=0 MSS=1460 WS=256 SACK_PERM"
"26","0.573675","AzureWaveTec_96:f1:7a","Broadcast","ARP","42","Who has 10.1.0.43? (ARP Probe)"
"27","0.573735","10.1.0.43","224.0.0.22","IGMPv3","54","Membership Report / Join group 224.0.0.251 for any sources"
"28","0.573778","fe80::708:2dfd:1a83:4aee","ff02::2","ICMPv6","70","Router Solicitation from 1c:ce:51:96:f1:7a"
"29","0.628027","98.89.245.112","10.1.0.73","TCP","66","443  >  63399 [SYN, ACK] Seq=0 Ack=1 Win=26883 Len=0 MSS=1452 SACK_PERM WS=256"
"30","0.628120","10.1.0.73","98.89.245.112","TCP","54","63399  >  443 [ACK] Seq=1 Ack=1 Win=65280 Len=0"
"31","0.628545","10.1.0.73","98.89.245.112","TLSv1.2","398","Client Hello (SNI=capi.grammarly.com)"
"32","0.676129","fe80::708:2dfd:1a83:4aee","ff02::16","ICMPv6","90","Multicast Listener Report Message v2"
"33","0.686807","52.55.46.215","10.1.0.73","TCP","66","443  >  63400 [SYN, ACK] Seq=0 Ack=1 Win=26883 Len=0 MSS=1452 SACK_PERM WS=256"
"34","0.686916","10.1.0.73","52.55.46.215","TCP","54","63400  >  443 [ACK] Seq=1 Ack=1 Win=65280 Len=0"
"35","0.687452","10.1.0.73","52.55.46.215","TLSv1.2","396","Client Hello (SNI=in.grammarly.com)"
"36","0.705891","35.214.229.62","10.1.0.73","TCP","66","443  >  59441 [SYN, ACK] Seq=0 Ack=1 Win=42600 Len=0 MSS=1420 SACK_PERM WS=128"
"37","0.706051","10.1.0.73","35.214.229.62","TCP","54","59441  >  443 [ACK] Seq=1 Ack=1 Win=65280 Len=0"
"38","0.706865","10.1.0.73","35.214.229.62","TCP","1474","59441  >  443 [ACK] Seq=1 Ack=1 Win=65280 Len=1420 [TCP PDU reassembled in 39]"
"39","0.706865","10.1.0.73","35.214.229.62","TLSv1.3","630","Client Hello (SNI=csync.loopme.me)"
"40","0.716673","8.8.4.4","10.1.0.73","DNS","206","Standard query response 0xe709 A capi.grammarly.com A 54.172.218.160 A 98.89.245.112 A 3.212.245.47 A 34.227.141.149 A 54.86.231.28 A 52.7.28.129 A 3.222.186.181 A 35.170.136.131"
"41","0.737598","8.8.4.4","10.1.0.73","DNS","204","Standard query response 0x390e A in.grammarly.com A 52.20.237.224 A 3.234.192.39 A 3.221.197.202 A 100.49.215.251 A 100.51.72.179 A 52.71.213.214 A 34.237.80.100 A 52.55.46.215"
"42","0.778022","fe80::708:2dfd:1a83:4aee","ff02::16","ICMPv6","90","Multicast Listener Report Message v2"
"43","0.778123","10.1.0.43","224.0.0.22","IGMPv3","54","Membership Report / Leave group 224.0.0.252"
"44","0.778163","fe80::708:2dfd:1a83:4aee","ff02::16","ICMPv6","90","Multicast Listener Report Message v2"
"45","0.778178","10.1.0.43","224.0.0.22","IGMPv3","54","Membership Report / Join group 224.0.0.252 for any sources"
"46","0.778560","fe80::708:2dfd:1a83:4aee","ff02::1:3","LLMNR","88","Standard query 0x0915 ANY TUF-CRUZ"
"47","0.857002","98.89.245.112","10.1.0.73","TCP","54","443  >  63399 [ACK] Seq=1 Ack=345 Win=28160 Len=0"
"48","0.857932","98.89.245.112","10.1.0.73","TLSv1.2","1506","Server Hello"
"49","0.857932","98.89.245.112","10.1.0.73","TCP","1506","443  >  63399 [ACK] Seq=1453 Ack=345 Win=28160 Len=1452 [TCP PDU reassembled in 50]"
"50","0.857932","98.89.245.112","10.1.0.73","TLSv1.2","1420","Certificate, Server Key Exchange, Server Hello Done"
"51","0.858021","10.1.0.73","98.89.245.112","TCP","54","63399  >  443 [ACK] Seq=345 Ack=4271 Win=65280 Len=0"
"52","0.872763","35.214.229.62","10.1.0.73","TCP","54","443  >  59441 [ACK] Seq=1 Ack=1421 Win=41216 Len=0"
"53","0.872763","35.214.229.62","10.1.0.73","TCP","54","443  >  59441 [ACK] Seq=1 Ack=1997 Win=40704 Len=0"
"54","0.873871","10.1.0.73","98.89.245.112","TLSv1.2","147","Client Key Exchange, Change Cipher Spec, Encrypted Handshake Message"
"55","0.874833","35.214.229.62","10.1.0.73","TLSv1.3","1474","Server Hello, Change Cipher Spec"
"56","0.874833","35.214.229.62","10.1.0.73","TCP","1474","443  >  59441 [PSH, ACK] Seq=1421 Ack=1997 Win=40704 Len=1420 [TCP PDU reassembled in 57]"
"57","0.874833","35.214.229.62","10.1.0.73","TLSv1.3","723","Application Data"
"58","0.874887","10.1.0.73","35.214.229.62","TCP","54","59441  >  443 [ACK] Seq=1997 Ack=3510 Win=65280 Len=0"
"59","0.875416","10.1.0.73","35.214.229.62","TLSv1.3","118","Change Cipher Spec, Application Data"
"60","0.880045","10.1.0.43","224.0.0.252","LLMNR","68","Standard query 0x0915 ANY TUF-CRUZ"
"61","0.893322","10.1.0.73","150.171.28.10","TCP","66","51841  >  443 [SYN] Seq=0 Win=65535 Len=0 MSS=1460 WS=256 SACK_PERM"
"62","0.908171","150.171.28.10","10.1.0.73","TCP","66","443  >  51841 [SYN, ACK] Seq=0 Ack=1 Win=65535 Len=0 MSS=1440 WS=256 SACK_PERM"
"63","0.908340","10.1.0.73","150.171.28.10","TCP","54","51841  >  443 [ACK] Seq=1 Ack=1 Win=65280 Len=0"
"64","0.909025","10.1.0.73","150.171.28.10","TCP","1494","51841  >  443 [ACK] Seq=1 Ack=1 Win=65280 Len=1440 [TCP PDU reassembled in 65]"
"65","0.909025","10.1.0.73","150.171.28.10","TLSv1.3","366","Client Hello (SNI=c.bing.com)"
"66","0.919707","52.55.46.215","10.1.0.73","TCP","54","443  >  63400 [ACK] Seq=1 Ack=343 Win=28160 Len=0"
"67","0.919707","52.55.46.215","10.1.0.73","TLSv1.2","1506","Server Hello"
"68","0.919707","52.55.46.215","10.1.0.73","TCP","1506","443  >  63400 [ACK] Seq=1453 Ack=343 Win=28160 Len=1452 [TCP PDU reassembled in 69]"
"69","0.919707","52.55.46.215","10.1.0.73","TLSv1.2","1398","Certificate, Server Key Exchange, Server Hello Done"
"70","0.919826","10.1.0.73","52.55.46.215","TCP","54","63400  >  443 [ACK] Seq=343 Ack=4249 Win=65280 Len=0"
"71","0.922149","150.171.28.10","10.1.0.73","TCP","54","443  >  51841 [ACK] Seq=1 Ack=1753 Win=262144 Len=0"
"72","0.922149","150.171.28.10","10.1.0.73","TLSv1.3","153","Hello Retry Request, Change Cipher Spec"
"73","0.922945","10.1.0.73","52.55.46.215","TLSv1.2","180","Client Key Exchange, Change Cipher Spec, Encrypted Handshake Message"
"74","0.923432","10.1.0.73","150.171.28.10","TLSv1.3","652","Change Cipher Spec, Client Hello (SNI=c.bing.com)"
"75","0.936426","150.171.28.10","10.1.0.73","TCP","54","443  >  51841 [ACK] Seq=100 Ack=2351 Win=262144 Len=0"
"76","0.942416","150.171.28.10","10.1.0.73","TLSv1.3","1506","Server Hello"
"77","0.942416","150.171.28.10","10.1.0.73","TCP","1506","443  >  51841 [ACK] Seq=1552 Ack=2351 Win=262144 Len=1452 [TCP PDU reassembled in 83]"
"78","0.942416","150.171.28.10","10.1.0.73","TCP","1506","443  >  51841 [ACK] Seq=3004 Ack=2351 Win=262144 Len=1452 [TCP PDU reassembled in 83]"
"79","0.942416","150.171.28.10","10.1.0.73","TCP","1506","443  >  51841 [ACK] Seq=4456 Ack=2351 Win=262144 Len=1452 [TCP PDU reassembled in 83]"
"80","0.942525","10.1.0.73","150.171.28.10","TCP","54","51841  >  443 [ACK] Seq=2351 Ack=5908 Win=65280 Len=0"
"81","0.944513","150.171.28.10","10.1.0.73","TCP","1506","443  >  51841 [ACK] Seq=5908 Ack=2351 Win=262144 Len=1452 [TCP PDU reassembled in 83]"
"82","0.944513","150.171.28.10","10.1.0.73","TCP","1506","443  >  51841 [ACK] Seq=7360 Ack=2351 Win=262144 Len=1452 [TCP PDU reassembled in 83]"
"83","0.944513","150.171.28.10","10.1.0.73","TLSv1.3","792","Application Data"
"84","0.944597","10.1.0.73","150.171.28.10","TCP","54","51841  >  443 [ACK] Seq=2351 Ack=9550 Win=65280 Len=0"
"85","0.948515","10.1.0.73","150.171.28.10","TLSv1.3","128","Application Data"
"86","0.948989","10.1.0.73","150.171.28.10","TLSv1.3","146","Application Data"
"87","0.949333","10.1.0.73","150.171.28.10","TLSv1.3","587","Application Data"
"88","0.949578","10.1.0.73","8.8.4.4","DNS","78","Standard query 0x097f A gnar.grammarly.com"
"89","0.962782","8.8.4.4","10.1.0.73","DNS","206","Standard query response 0x097f A gnar.grammarly.com A 3.92.246.148 A 35.170.132.116 A 100.49.186.62 A 54.156.169.68 A 54.204.244.253 A 52.4.187.49 A 34.206.180.93 A 98.94.186.216"
"90","0.962782","150.171.28.10","10.1.0.73","TCP","54","443  >  51841 [ACK] Seq=9550 Ack=2425 Win=262144 Len=0"
"91","0.962782","150.171.28.10","10.1.0.73","TCP","54","443  >  51841 [ACK] Seq=9550 Ack=2517 Win=262144 Len=0"
"92","0.962782","150.171.28.10","10.1.0.73","TLSv1.3","513","Application Data"
"93","0.962782","150.171.28.10","10.1.0.73","TLSv1.3","116","Application Data"
"94","0.962782","150.171.28.10","10.1.0.73","TLSv1.3","85","Application Data"
"95","0.962917","10.1.0.73","150.171.28.10","TCP","54","51841  >  443 [ACK] Seq=3050 Ack=10102 Win=64768 Len=0"
"96","0.963111","10.1.0.73","150.171.28.10","TLSv1.3","85","Application Data"
"97","0.963678","10.1.0.73","3.92.246.148","TCP","66","51842  >  443 [SYN] Seq=0 Win=65535 Len=0 MSS=1460 WS=256 SACK_PERM"
"98","0.977680","150.171.28.10","10.1.0.73","TCP","54","443  >  51841 [ACK] Seq=10102 Ack=3081 Win=262144 Len=0"
"99","1.056086","150.171.28.10","10.1.0.73","TLSv1.3","758","Application Data"
"100","1.056086","150.171.28.10","10.1.0.73","TLSv1.3","85","Application Data"
"101","1.056228","10.1.0.73","150.171.28.10","TCP","54","51841  >  443 [ACK] Seq=3081 Ack=10837 Win=64000 Len=0"
"102","1.083234","35.214.229.62","10.1.0.73","TCP","54","443  >  59441 [ACK] Seq=3510 Ack=2061 Win=40704 Len=0"
"103","1.085334","10.1.0.43","224.0.0.22","IGMPv3","54","Membership Report / Join group 224.0.0.252 for any sources"
"104","1.100829","10.1.0.73","35.186.224.24","QUIC","1292","Initial, DCID=10acca380aa06f9e, PKN: 1, CRYPTO, PING, PING, PING, CRYPTO, CRYPTO, PADDING, CRYPTO, CRYPTO, CRYPTO, PADDING, PING, CRYPTO, CRYPTO, CRYPTO, PADDING, CRYPTO, CRYPTO, CRYPTO, PING, PING"
"105","1.100930","10.1.0.73","35.186.224.24","QUIC","1292","Initial, DCID=10acca380aa06f9e, PKN: 2, CRYPTO, PING, PING, PING, CRYPTO, PING, PING, PADDING, PING, CRYPTO, PADDING, PING, PING, PING"
"106","1.101244","10.1.0.73","35.186.224.24","TLSv1.2","138","Application Data"
"107","1.101307","10.1.0.73","35.186.224.24","TLSv1.2","93","Application Data"
"108","1.101337","10.1.0.73","35.186.224.24","TLSv1.2","682","Application Data"
"109","1.105523","98.89.245.112","10.1.0.73","TCP","54","443  >  63399 [ACK] Seq=4271 Ack=438 Win=28160 Len=0"
"110","1.105523","98.89.245.112","10.1.0.73","TLSv1.2","258","New Session Ticket, Change Cipher Spec, Encrypted Handshake Message"
"111","1.110206","10.1.0.73","98.89.245.112","TLSv1.2","1437","Application Data"
"112","1.118249","35.186.224.24","10.1.0.73","TCP","54","443  >  48424 [ACK] Seq=1 Ack=85 Win=1024 Len=0"
"113","1.118249","35.186.224.24","10.1.0.73","TCP","54","443  >  48424 [ACK] Seq=1 Ack=124 Win=1024 Len=0"
"114","1.118249","35.186.224.24","10.1.0.73","TCP","54","443  >  48424 [ACK] Seq=1 Ack=752 Win=1024 Len=0"
"115","1.118249","35.186.224.24","10.1.0.73","TLSv1.2","93","Application Data"
"116","1.119387","35.186.224.24","10.1.0.73","QUIC","82","Initial, SCID=f0acca380aa06f9e, PKN: 1, ACK"
"117","1.119387","35.186.224.24","10.1.0.73","QUIC","1292","Initial, SCID=f0acca380aa06f9e, PKN: 2, ACK, PADDING"
"118","1.142033","10.1.0.73","35.186.224.24","QUIC","1292","Initial, DCID=f0acca380aa06f9e, PKN: 4, PADDING, PING, PADDING"
"119","1.146259","35.186.224.24","10.1.0.73","QUIC","1292","Protected Payload (KP0)"
"120","1.147010","10.1.0.73","35.186.224.24","QUIC","209","Protected Payload (KP0), DCID=f0acca380aa06f9e"
"121","1.157979","35.186.224.24","10.1.0.73","QUIC","1292","Protected Payload (KP0)"
"122","1.157979","52.55.46.215","10.1.0.73","TCP","54","443  >  63400 [ACK] Seq=4249 Ack=469 Win=28160 Len=0"
"123","1.157979","52.55.46.215","10.1.0.73","TLSv1.2","258","New Session Ticket, Change Cipher Spec, Encrypted Handshake Message"
"124","1.158541","10.1.0.73","35.186.224.24","QUIC","211","Protected Payload (KP0), DCID=f0acca380aa06f9e"
"125","1.158783","10.1.0.73","150.171.28.10","TCP","66","32468  >  443 [SYN] Seq=0 Win=65535 Len=0 MSS=1460 WS=256 SACK_PERM"
"126","1.163256","10.1.0.73","52.55.46.215","TLSv1.2","317","Application Data"
"127","1.163704","35.186.224.24","10.1.0.73","QUIC","626","Protected Payload (KP0)"
"128","1.163704","35.186.224.24","10.1.0.73","QUIC","163","Protected Payload (KP0)"
"129","1.164208","10.1.0.73","35.186.224.24","QUIC","75","Protected Payload (KP0), DCID=f0acca380aa06f9e"
"130","1.164357","10.1.0.73","35.186.224.24","QUIC","75","Protected Payload (KP0), DCID=f0acca380aa06f9e"
"131","1.172559","10.1.0.73","35.186.224.24","TCP","54","48424  >  443 [ACK] Seq=752 Ack=40 Win=251 Len=0"
"132","1.173793","35.186.224.24","10.1.0.73","QUIC","67","Protected Payload (KP0)"
"133","1.175217","150.171.28.10","10.1.0.73","TCP","66","443  >  32468 [SYN, ACK] Seq=0 Ack=1 Win=65535 Len=0 MSS=1440 WS=256 SACK_PERM"
"134","1.175357","10.1.0.73","150.171.28.10","TCP","54","32468  >  443 [ACK] Seq=1 Ack=1 Win=65280 Len=0"
"135","1.175956","10.1.0.73","150.171.28.10","TCP","1494","32468  >  443 [ACK] Seq=1 Ack=1 Win=65280 Len=1440 [TCP PDU reassembled in 136]"
"136","1.175956","10.1.0.73","150.171.28.10","TLSv1.3","785","Client Hello (SNI=c.bing.com)"
"137","1.187680","fe80::708:2dfd:1a83:4aee","ff02::16","ICMPv6","90","Multicast Listener Report Message v2"
"138","1.187752","fe80::708:2dfd:1a83:4aee","ff02::1:3","LLMNR","88","Standard query 0x0915 ANY TUF-CRUZ"
"139","1.188015","10.1.0.43","224.0.0.252","LLMNR","68","Standard query 0x0915 ANY TUF-CRUZ"
"140","1.192722","150.171.28.10","10.1.0.73","TCP","54","443  >  32468 [ACK] Seq=1 Ack=1441 Win=262144 Len=0"
"141","1.192722","150.171.28.10","10.1.0.73","TCP","54","443  >  32468 [ACK] Seq=1 Ack=2172 Win=262144 Len=0"
"142","1.192722","150.171.28.10","10.1.0.73","TLSv1.3","153","Hello Retry Request, Change Cipher Spec"
"143","1.194021","10.1.0.73","150.171.28.10","TLSv1.3","1071","Change Cipher Spec, Client Hello (SNI=c.bing.com)"
"144","1.200324","3.92.246.148","10.1.0.73","TCP","66","443  >  51842 [SYN, ACK] Seq=0 Ack=1 Win=26883 Len=0 MSS=1452 SACK_PERM WS=256"
"145","1.200432","10.1.0.73","3.92.246.148","TCP","54","51842  >  443 [ACK] Seq=1 Ack=1 Win=65280 Len=0"
"146","1.201316","10.1.0.73","3.92.246.148","TLSv1.2","398","Client Hello (SNI=gnar.grammarly.com)"
"147","1.211831","150.171.28.10","10.1.0.73","TCP","54","443  >  32468 [ACK] Seq=100 Ack=3189 Win=262144 Len=0"
"148","1.212690","150.171.28.10","10.1.0.73","TLSv1.3","345","Server Hello, Application Data"
"149","1.214038","10.1.0.73","150.171.28.10","TLSv1.3","128","Application Data"
"150","1.226162","35.186.224.24","10.1.0.73","TLSv1.2","150","Application Data"
"151","1.227050","10.1.0.73","35.186.224.24","TLSv1.2","93","Application Data"
"152","1.229198","150.171.28.10","10.1.0.73","TCP","54","443  >  32468 [ACK] Seq=391 Ack=3263 Win=262144 Len=0"
"153","1.229198","150.171.28.10","10.1.0.73","TLSv1.3","116","Application Data"
"154","1.246423","35.186.224.24","10.1.0.73","TCP","54","443  >  48424 [ACK] Seq=136 Ack=791 Win=1024 Len=0"
"155","1.268736","8.8.4.4","10.1.0.73","DNS","206","Standard query response 0x097f A gnar.grammarly.com A 35.170.132.116 A 100.49.186.62 A 54.156.169.68 A 54.204.244.253 A 34.206.180.93 A 3.92.246.148 A 52.4.187.49 A 98.94.186.216"
"156","1.282095","10.1.0.73","150.171.28.10","TCP","54","32468  >  443 [ACK] Seq=3263 Ack=453 Win=65024 Len=0"
"157","1.289808","fe80::708:2dfd:1a83:4aee","ff02::1:2","DHCPv6","120","Information-request XID: 0x87db24 CID: 000100012e9f510dcc28aa162c40 "
"158","1.372496","98.89.245.112","10.1.0.73","TLSv1.2","718","Application Data"
"159","1.373803","35.214.229.62","10.1.0.73","TLSv1.3","528","Application Data, Application Data"
"160","1.373803","35.214.229.62","10.1.0.73","TCP","54","443  >  59441 [FIN, ACK] Seq=3984 Ack=2061 Win=40704 Len=0"
"161","1.373885","10.1.0.73","35.214.229.62","TCP","54","59441  >  443 [ACK] Seq=2061 Ack=3985 Win=65024 Len=0"
"162","1.398035","52.55.46.215","10.1.0.73","TLSv1.2","108","Application Data"
"163","1.398514","10.1.0.73","52.55.46.215","TLSv1.2","1309","Application Data"
"164","1.402104","10.1.0.73","98.89.245.112","TLSv1.2","1038","Application Data"
"165","1.440343","3.92.246.148","10.1.0.73","TCP","54","443  >  51842 [ACK] Seq=1 Ack=345 Win=28160 Len=0"
"166","1.440343","3.92.246.148","10.1.0.73","TLSv1.2","201","Server Hello, Change Cipher Spec, Encrypted Handshake Message"
"167","1.445072","10.1.0.73","3.92.246.148","TLSv1.2","441","Change Cipher Spec, Encrypted Handshake Message, Application Data"
"168","1.445704","3.111.241.224","10.1.0.73","TCP","54","443  >  48904 [ACK] Seq=1 Ack=1 Win=27 Len=0"
"169","1.445778","10.1.0.73","3.111.241.224","TCP","54","[TCP ACKed unseen segment] 48904  >  443 [ACK] Seq=1 Ack=2 Win=250 Len=0"
"170","1.494680","AzureWaveTec_96:f1:7a","Broadcast","ARP","42","ARP Announcement for 10.1.0.43"
"171","1.494728","fe80::708:2dfd:1a83:4aee","ff02::16","ICMPv6","90","Multicast Listener Report Message v2"
"172","1.494767","10.1.0.43","224.0.0.22","IGMPv3","54","Membership Report / Leave group 224.0.0.251"
"173","1.597172","fe80::708:2dfd:1a83:4aee","ff02::16","ICMPv6","90","Multicast Listener Report Message v2"
"174","1.597248","10.1.0.43","224.0.0.22","IGMPv3","54","Membership Report / Join group 224.0.0.251 for any sources"
"175","1.597835","10.1.0.43","10.1.0.255","NBNS","110","Registration NB TUF-CRUZ<00>"
"176","1.598037","10.1.0.43","10.1.0.255","NBNS","110","Registration NB WORKGROUP<00>"
"177","1.598110","10.1.0.43","10.1.0.255","NBNS","110","Registration NB TUF-CRUZ<20>"
"178","1.598284","fe80::708:2dfd:1a83:4aee","ff02::16","ICMPv6","90","Multicast Listener Report Message v2"
"179","1.598311","10.1.0.43","224.0.0.22","IGMPv3","54","Membership Report / Leave group 224.0.0.252"
"180","1.598748","fe80::708:2dfd:1a83:4aee","ff02::16","ICMPv6","90","Multicast Listener Report Message v2"
"181","1.598770","10.1.0.43","224.0.0.22","IGMPv3","54","Membership Report / Join group 224.0.0.252 for any sources"
"182","1.599022","fe80::708:2dfd:1a83:4aee","ff02::1:3","LLMNR","88","Standard query 0xba6a ANY TUF-CRUZ"
"183","1.599208","10.1.0.43","224.0.0.252","LLMNR","68","Standard query 0xba6a ANY TUF-CRUZ"
"184","1.638520","52.55.46.215","10.1.0.73","TLSv1.2","225","Application Data"
"185","1.680325","98.89.245.112","10.1.0.73","TCP","54","443  >  63399 [ACK] Seq=5139 Ack=2805 Win=48896 Len=0"
"186","1.683280","3.92.246.148","10.1.0.73","TCP","54","443  >  51842 [ACK] Seq=148 Ack=732 Win=29184 Len=0"
"187","1.683280","3.92.246.148","10.1.0.73","TLSv1.2","108","Application Data"
"188","1.683666","10.1.0.73","3.92.246.148","TLSv1.2","980","Application Data"
"189","1.685150","10.1.0.73","52.55.46.215","TCP","54","63400  >  443 [ACK] Seq=1987 Ack=4678 Win=65024 Len=0"
"190","1.802362","98.89.245.112","10.1.0.73","TLSv1.2","965","Application Data"
"191","1.802362","98.89.245.112","10.1.0.73","TLSv1.2","340","Application Data"
"192","1.802487","10.1.0.73","98.89.245.112","TCP","54","63399  >  443 [ACK] Seq=2805 Ack=6336 Win=65280 Len=0"
"193","1.824224","10.1.0.73","98.89.245.112","TLSv1.2","140","Application Data"
"194","1.918004","3.92.246.148","10.1.0.73","TLSv1.2","512","Application Data"
"195","1.956121","34.1.230.192","10.1.0.73","TCP","54","443  >  34532 [RST, ACK] Seq=1 Ack=1 Win=0 Len=0"
"196","1.964678","10.1.0.73","3.92.246.148","TCP","54","51842  >  443 [ACK] Seq=1658 Ack=660 Win=64768 Len=0"
"197","2.010409","10.1.0.43","239.255.255.250","SSDP","179","M-SEARCH * HTTP/1.1 "
"198","2.010883","10.1.0.43","224.0.0.22","IGMPv3","62","Membership Report / Join group 224.0.0.251 for any sources / Join group 224.0.0.252 for any sources"
"199","2.010936","fe80::708:2dfd:1a83:4aee","ff02::16","ICMPv6","110","Multicast Listener Report Message v2"
"200","2.010984","fe80::708:2dfd:1a83:4aee","ff02::1:3","LLMNR","88","Standard query 0xba6a ANY TUF-CRUZ"
"201","2.011256","10.1.0.43","224.0.0.252","LLMNR","68","Standard query 0xba6a ANY TUF-CRUZ"
"202","2.011327","fe80::708:2dfd:1a83:4aee","ff02::16","ICMPv6","90","Multicast Listener Report Message v2"
"203","2.011349","10.1.0.43","224.0.0.22","IGMPv3","54","Membership Report / Leave group 224.0.0.251"
"204","2.011366","fe80::708:2dfd:1a83:4aee","ff02::16","ICMPv6","90","Multicast Listener Report Message v2"
"205","2.011381","10.1.0.43","224.0.0.22","IGMPv3","54","Membership Report / Join group 224.0.0.251 for any sources"
"206","2.053120","98.89.245.112","10.1.0.73","TCP","54","443  >  63399 [ACK] Seq=6336 Ack=2891 Win=48896 Len=0"
"207","2.053224","10.1.0.73","98.89.245.112","TLSv1.2","140","Application Data"
"208","2.057230","98.89.245.112","10.1.0.73","TLSv1.2","118","Application Data"
"209","2.104190","10.1.0.73","98.89.245.112","TCP","54","63399  >  443 [ACK] Seq=2977 Ack=6400 Win=65280 Len=0"
"210","2.212359","10.1.0.73","35.186.224.22","TCP","55","59024  >  443 [ACK] Seq=1 Ack=1 Win=252 Len=1"
"211","2.229149","35.186.224.22","10.1.0.73","TCP","66","443  >  59024 [ACK] Seq=1 Ack=2 Win=1024 Len=0 SLE=1 SRE=2"
"212","2.258427","10.1.0.73","35.186.224.24","TCP","55","40854  >  443 [ACK] Seq=1 Ack=1 Win=253 Len=1"
"213","2.259307","54.151.166.244","10.1.0.73","TCP","54","443  >  24546 [ACK] Seq=1 Ack=1 Win=19 Len=0"
"214","2.259383","10.1.0.73","54.151.166.244","TCP","54","[TCP ACKed unseen segment] 24546  >  443 [ACK] Seq=1 Ack=2 Win=252 Len=0"
"215","2.279184","35.186.224.24","10.1.0.73","TCP","66","443  >  40854 [ACK] Seq=1 Ack=2 Win=1024 Len=0 SLE=1 SRE=2"
"216","2.288067","98.89.245.112","10.1.0.73","TLSv1.2","118","Application Data"
"217","2.335091","10.1.0.73","98.89.245.112","TCP","54","63399  >  443 [ACK] Seq=2977 Ack=6464 Win=65280 Len=0"
"218","2.416255","10.1.0.43","10.1.0.255","NBNS","110","Registration NB WORKGROUP<00>"
"219","2.416498","10.1.0.43","10.1.0.255","NBNS","110","Registration NB TUF-CRUZ<00>"
"220","2.416577","10.1.0.43","10.1.0.255","NBNS","110","Registration NB TUF-CRUZ<20>"
"221","2.459943","10.1.0.73","104.86.189.49","TCP","55","42935  >  443 [ACK] Seq=1 Ack=1 Win=511 Len=1"
"222","2.482685","104.86.189.49","10.1.0.73","TCP","66","443  >  42935 [ACK] Seq=1 Ack=2 Win=567 Len=0 SLE=1 SRE=2"
"223","2.518673","fe80::708:2dfd:1a83:4aee","ff02::16","ICMPv6","90","Multicast Listener Report Message v2"
"224","2.518757","10.1.0.43","224.0.0.22","IGMPv3","54","Membership Report / Leave group 224.0.0.252"
"225","2.518799","fe80::708:2dfd:1a83:4aee","ff02::16","ICMPv6","90","Multicast Listener Report Message v2"
"226","2.519149","10.1.0.43","224.0.0.22","IGMPv3","54","Membership Report / Join group 224.0.0.252 for any sources"
"227","2.519176","fe80::708:2dfd:1a83:4aee","ff02::1:3","LLMNR","88","Standard query 0xcb77 ANY TUF-CRUZ"
"228","2.519675","10.1.0.43","224.0.0.252","LLMNR","68","Standard query 0xcb77 ANY TUF-CRUZ"
"229","2.519783","10.1.0.43","224.0.0.22","IGMPv3","62","Membership Report / Join group 224.0.0.251 for any sources / Join group 224.0.0.252 for any sources"
"230","2.621248","fe80::708:2dfd:1a83:4aee","ff02::16","ICMPv6","110","Multicast Listener Report Message v2"
"231","2.825882","ee:74:d7:bc:c2:c7","Nearest-Bridge","LLDP","161","MA/ec:74:d7:ac:c2:c6 MA/ee:74:d7:bc:c2:c7 120 SysN=GWN7664E_ec:74:d7:ac:c2:c6 SysD=GWN7664E_1.0.25.42 "
"232","2.928383","fe80::708:2dfd:1a83:4aee","ff02::1:3","LLMNR","88","Standard query 0xcb77 ANY TUF-CRUZ"
"233","3.030439","10.1.0.43","224.0.0.252","LLMNR","68","Standard query 0xcb77 ANY TUF-CRUZ"
"234","3.133377","10.1.0.43","10.1.0.255","NBNS","110","Registration NB TUF-CRUZ<20>"
"235","3.133603","10.1.0.43","10.1.0.255","NBNS","110","Registration NB TUF-CRUZ<00>"
"236","3.133659","10.1.0.43","10.1.0.255","NBNS","110","Registration NB WORKGROUP<00>"
"237","3.178604","10.1.0.73","104.86.189.49","TCP","55","55805  >  443 [ACK] Seq=1 Ack=1 Win=2043 Len=1"
"238","3.202121","104.86.189.49","10.1.0.73","TCP","66","443  >  55805 [ACK] Seq=1 Ack=2 Win=501 Len=0 SLE=1 SRE=2"
"239","3.483431","13.214.211.90","10.1.0.73","TLSv1.2","93","Application Data"
"240","3.483431","13.214.211.90","10.1.0.73","TLSv1.2","78","Application Data"
"241","3.483594","10.1.0.73","13.214.211.90","TCP","54","22103  >  443 [ACK] Seq=1 Ack=65 Win=253 Len=0"
"242","3.483974","10.1.0.73","13.214.211.90","TCP","54","22103  >  443 [FIN, ACK] Seq=1 Ack=65 Win=253 Len=0"
"243","3.542754","AzureWaveTec_96:f1:7a","Broadcast","ARP","42","ARP Announcement for 10.1.0.43"
"244","3.601510","13.214.211.90","10.1.0.73","TCP","54","443  >  22103 [ACK] Seq=65 Ack=2 Win=673 Len=0"
"245","3.645757","10.1.0.43","239.255.255.250","SSDP","179","M-SEARCH * HTTP/1.1 "
"246","3.646387","fe80::708:2dfd:1a83:4aee","ff02::c","SSDP","183","M-SEARCH * HTTP/1.1 "
"247","3.646529","10.1.0.43","239.255.255.250","SSDP","169","M-SEARCH * HTTP/1.1 "
"248","3.646689","AzureWaveTec_ff:7e:af","Broadcast","ARP","42","Who has 10.1.0.242? Tell 10.1.0.162"
"249","3.646705","AzureWaveTec_ff:7e:af","Broadcast","ARP","42","Who has 10.1.0.132? Tell 10.1.0.162"
"250","3.646715","AzureWaveTec_ff:7e:af","Broadcast","ARP","42","Who has 10.1.0.133? Tell 10.1.0.162"
"251","3.646726","fe80::708:2dfd:1a83:4aee","ff02::c","SSDP","183","M-SEARCH * HTTP/1.1 "
"252","3.747665","10.1.0.43","239.255.255.250","SSDP","169","M-SEARCH * HTTP/1.1 "
"253","3.748173","fe80::708:2dfd:1a83:4aee","ff02::c","SSDP","183","M-SEARCH * HTTP/1.1 "
"254","3.748325","10.1.0.43","239.255.255.250","SSDP","169","M-SEARCH * HTTP/1.1 "
"255","3.795019","10.1.6.113","10.1.0.73","TCP","54","7680  >  42219 [RST, ACK] Seq=1 Ack=1 Win=0 Len=0"
"256","3.850468","10.1.0.43","239.255.255.250","SSDP","179","M-SEARCH * HTTP/1.1 "
"257","3.850901","10.1.0.43","10.1.0.255","NBNS","110","Registration NB WORKGROUP<00>"
"258","3.850979","10.1.0.43","10.1.0.255","NBNS","110","Registration NB TUF-CRUZ<00>"
"259","3.869674","172.64.148.235","10.1.0.73","TLSv1.2","78","Application Data"
"260","3.870057","10.1.0.73","172.64.148.235","TLSv1.2","82","Application Data"
"261","3.952264","10.1.0.43","10.1.0.255","NBNS","110","Registration NB TUF-CRUZ<20>"
"262","4.110560","10.1.0.73","172.64.148.235","TCP","82","[TCP Retransmission] 27579  >  443 [PSH, ACK] Seq=1 Ack=25 Win=253 Len=28"
"263","4.138409","172.64.148.235","10.1.0.73","TCP","66","443  >  27579 [ACK] Seq=25 Ack=29 Win=16 Len=0 SLE=1 SRE=29"
"264","4.259889","fe80::1c99:22c9:5c3e:ab29","ff02::16","ICMPv6","110","Multicast Listener Report Message v2"
"265","4.363471","::","ff02::1:ff3e:ab29","ICMPv6","86","Neighbor Solicitation for fe80::1c99:22c9:5c3e:ab29"
"266","4.363545","0.0.0.0","255.255.255.255","DHCP","342","DHCP Discover - Transaction ID 0x22313d71"
"267","4.363602","AzureWaveTec_ff:7e:af","Broadcast","ARP","42","Who has 10.1.0.242? Tell 10.1.0.162"
"268","4.363617","AzureWaveTec_ff:7e:af","Broadcast","ARP","42","Who has 10.1.0.132? Tell 10.1.0.162"
"269","4.363629","AzureWaveTec_ff:7e:af","Broadcast","ARP","42","Who has 10.1.0.133? Tell 10.1.0.162"
"270","4.714406","CloudNetwork_32:b5:21","Broadcast","ARP","42","Who has 10.1.0.20? Tell 10.1.0.73"
"271","4.717557","GrandstreamN_ef:2c:bc","CloudNetwork_32:b5:21","ARP","42","10.1.0.1 is at c0:74:ad:ef:2c:bc"
"272","4.729340","CloudNetwork_32:b5:21","Broadcast","ARP","42","Who has 10.1.0.24? Tell 10.1.0.73"
"273","4.731638","GrandstreamN_ef:2c:bc","CloudNetwork_32:b5:21","ARP","42","10.1.0.1 is at c0:74:ad:ef:2c:bc"
"274","4.976371","10.1.0.43","239.255.255.250","SSDP","179","M-SEARCH * HTTP/1.1 "
"275","5.283375","fe80::708:2dfd:1a83:4aee","ff02::1:2","DHCPv6","120","Information-request XID: 0x87db24 CID: 000100012e9f510dcc28aa162c40 "
"276","5.283447","10.1.0.43","224.0.0.251","MDNS","132","Standard query 0x0000 PTR 6.a.8.c.6.6.4.3.b.1.5.f.3.5.8.d.0.0.0.0.0.0.0.0.0.0.0.0.0.8.e.f.ip6.arpa, ""QM"" question"
"277","5.287055","fe80::708:2dfd:1a83:4aee","ff02::fb","MDNS","152","Standard query 0x0000 PTR 6.a.8.c.6.6.4.3.b.1.5.f.3.5.8.d.0.0.0.0.0.0.0.0.0.0.0.0.0.8.e.f.ip6.arpa, ""QM"" question"
"278","5.287594","AzureWaveTec_ff:7e:af","Broadcast","ARP","42","Who has 10.1.0.242? Tell 10.1.0.162"
"279","5.287611","AzureWaveTec_ff:7e:af","Broadcast","ARP","42","Who has 10.1.0.132? Tell 10.1.0.162"
"280","5.385996","AzureWaveTec_ff:7e:af","Broadcast","ARP","42","Who has 10.1.0.133? Tell 10.1.0.162"
"281","5.586629","CloudNetwork_32:b5:21","Broadcast","ARP","42","Who has 10.1.0.20? Tell 10.1.0.73"
"282","5.586703","CloudNetwork_32:b5:21","Broadcast","ARP","42","Who has 10.1.0.24? Tell 10.1.0.73"
"283","5.591290","GrandstreamN_ef:2c:bc","CloudNetwork_32:b5:21","ARP","42","10.1.0.1 is at c0:74:ad:ef:2c:bc"
"284","5.600121","GrandstreamN_ef:2c:bc","CloudNetwork_32:b5:21","ARP","42","10.1.0.1 is at c0:74:ad:ef:2c:bc"
"285","5.693395","10.1.0.43","224.0.0.251","MDNS","132","Standard query 0x0000 PTR 6.a.8.c.6.6.4.3.b.1.5.f.3.5.8.d.0.0.0.0.0.0.0.0.0.0.0.0.0.8.e.f.ip6.arpa, ""QM"" question"
"286","5.694118","fe80::708:2dfd:1a83:4aee","ff02::fb","MDNS","152","Standard query 0x0000 PTR 6.a.8.c.6.6.4.3.b.1.5.f.3.5.8.d.0.0.0.0.0.0.0.0.0.0.0.0.0.8.e.f.ip6.arpa, ""QM"" question"
"287","5.694982","fe80::708:2dfd:1a83:4aee","ff02::1:3","LLMNR","152","Standard query 0xbfa5 PTR 6.a.8.c.6.6.4.3.b.1.5.f.3.5.8.d.0.0.0.0.0.0.0.0.0.0.0.0.0.8.e.f.ip6.arpa"
"288","5.795697","10.1.0.43","224.0.0.252","LLMNR","132","Standard query 0xbfa5 PTR 6.a.8.c.6.6.4.3.b.1.5.f.3.5.8.d.0.0.0.0.0.0.0.0.0.0.0.0.0.8.e.f.ip6.arpa"
"289","6.205422","fe80::708:2dfd:1a83:4aee","ff02::1:3","LLMNR","152","Standard query 0xbfa5 PTR 6.a.8.c.6.6.4.3.b.1.5.f.3.5.8.d.0.0.0.0.0.0.0.0.0.0.0.0.0.8.e.f.ip6.arpa"
"290","6.205618","10.1.0.43","224.0.0.251","MDNS","132","Standard query 0x0000 PTR 6.a.8.c.6.6.4.3.b.1.5.f.3.5.8.d.0.0.0.0.0.0.0.0.0.0.0.0.0.8.e.f.ip6.arpa, ""QM"" question"
"291","6.206888","10.1.0.43","224.0.0.252","LLMNR","132","Standard query 0xbfa5 PTR 6.a.8.c.6.6.4.3.b.1.5.f.3.5.8.d.0.0.0.0.0.0.0.0.0.0.0.0.0.8.e.f.ip6.arpa"
"292","6.220917","10.1.0.73","172.253.118.188","TCP","55","16602  >  5228 [ACK] Seq=1 Ack=1 Win=253 Len=1"
"293","6.252017","10.1.0.73","172.253.118.188","TCP","55","8566  >  5228 [ACK] Seq=1 Ack=1 Win=253 Len=1"
"294","6.304666","172.253.118.188","10.1.0.73","TCP","66","5228  >  8566 [ACK] Seq=1 Ack=2 Win=1024 Len=0 SLE=1 SRE=2"
"295","6.307539","fe80::708:2dfd:1a83:4aee","ff02::fb","MDNS","152","Standard query 0x0000 PTR 6.a.8.c.6.6.4.3.b.1.5.f.3.5.8.d.0.0.0.0.0.0.0.0.0.0.0.0.0.8.e.f.ip6.arpa, ""QM"" question"
"296","6.346579","10.1.0.73","172.253.118.188","TCP","55","63182  >  5228 [ACK] Seq=1 Ack=1 Win=253 Len=1"
"297","6.346706","10.1.0.73","74.125.200.188","TCP","55","8345  >  5228 [ACK] Seq=1 Ack=1 Win=253 Len=1"
"298","6.361485","10.1.0.73","142.251.12.188","TCP","55","57989  >  5228 [ACK] Seq=1 Ack=1 Win=253 Len=1"
"299","6.397800","74.125.200.188","10.1.0.73","TCP","66","5228  >  8345 [ACK] Seq=1 Ack=2 Win=1024 Len=0 SLE=1 SRE=2"
"300","6.397800","172.253.118.188","10.1.0.73","TCP","66","5228  >  63182 [ACK] Seq=1 Ack=2 Win=1024 Len=0 SLE=1 SRE=2"
"301","6.411235","142.251.12.188","10.1.0.73","TCP","66","5228  >  57989 [ACK] Seq=1 Ack=2 Win=1024 Len=0 SLE=1 SRE=2"
"302","6.517033","10.1.0.73","172.253.118.188","TCP","55","38747  >  5228 [ACK] Seq=1 Ack=1 Win=253 Len=1"
"303","6.567818","172.253.118.188","10.1.0.73","TCP","66","5228  >  38747 [ACK] Seq=1 Ack=2 Win=1024 Len=0 SLE=1 SRE=2"
"304","6.594361","CloudNetwork_32:b5:21","Broadcast","ARP","42","Who has 10.1.0.20? Tell 10.1.0.73"
"305","6.594435","CloudNetwork_32:b5:21","Broadcast","ARP","42","Who has 10.1.0.24? Tell 10.1.0.73"
"306","6.606828","GrandstreamN_ef:2c:bc","CloudNetwork_32:b5:21","ARP","42","10.1.0.1 is at c0:74:ad:ef:2c:bc"
"307","6.606828","GrandstreamN_ef:2c:bc","CloudNetwork_32:b5:21","ARP","42","10.1.0.1 is at c0:74:ad:ef:2c:bc"
"308","6.615172","10.1.0.43","224.0.0.251","MDNS","85","Standard query 0x0000 PTR 1.56.168.192.in-addr.arpa, ""QM"" question"
"309","6.616563","fe80::708:2dfd:1a83:4aee","ff02::fb","MDNS","105","Standard query 0x0000 PTR 1.56.168.192.in-addr.arpa, ""QM"" question"
"310","6.819706","10.1.0.43","239.255.255.250","SSDP","179","M-SEARCH * HTTP/1.1 "
"311","6.922099","fe80::708:2dfd:1a83:4aee","ff02::c","SSDP","183","M-SEARCH * HTTP/1.1 "
"312","6.922346","10.1.0.43","239.255.255.250","SSDP","169","M-SEARCH * HTTP/1.1 "
"313","6.922783","fe80::708:2dfd:1a83:4aee","ff02::c","SSDP","183","M-SEARCH * HTTP/1.1 "
"314","6.922866","10.1.0.43","239.255.255.250","SSDP","169","M-SEARCH * HTTP/1.1 "
"315","6.923766","fe80::708:2dfd:1a83:4aee","ff02::c","SSDP","183","M-SEARCH * HTTP/1.1 "
"316","6.923823","10.1.0.43","239.255.255.250","SSDP","169","M-SEARCH * HTTP/1.1 "
"317","6.924439","10.1.0.43","239.255.255.250","SSDP","179","M-SEARCH * HTTP/1.1 "
"318","7.024268","10.1.0.43","224.0.0.251","MDNS","85","Standard query 0x0000 PTR 1.56.168.192.in-addr.arpa, ""QM"" question"
"319","7.024977","fe80::708:2dfd:1a83:4aee","ff02::fb","MDNS","105","Standard query 0x0000 PTR 1.56.168.192.in-addr.arpa, ""QM"" question"
"320","7.025513","fe80::708:2dfd:1a83:4aee","ff02::1:3","LLMNR","105","Standard query 0xb00b PTR 1.56.168.192.in-addr.arpa"
"321","7.126828","10.1.0.43","224.0.0.252","LLMNR","85","Standard query 0xb00b PTR 1.56.168.192.in-addr.arpa"
"322","7.434401","fe80::708:2dfd:1a83:4aee","ff02::1:3","LLMNR","105","Standard query 0xb00b PTR 1.56.168.192.in-addr.arpa"
"323","7.434700","10.1.0.43","224.0.0.252","LLMNR","85","Standard query 0xb00b PTR 1.56.168.192.in-addr.arpa"
"324","7.434819","10.1.0.43","224.0.0.251","MDNS","85","Standard query 0x0000 PTR 1.56.168.192.in-addr.arpa, ""QM"" question"
"325","7.510231","10.1.0.73","64.233.170.188","TCP","55","19745  >  5228 [ACK] Seq=1 Ack=1 Win=253 Len=1"
"326","7.536464","fe80::708:2dfd:1a83:4aee","ff02::fb","MDNS","105","Standard query 0x0000 PTR 1.56.168.192.in-addr.arpa, ""QM"" question"
"327","7.562326","64.233.170.188","10.1.0.73","TCP","66","5228  >  19745 [ACK] Seq=1 Ack=2 Win=1024 Len=0 SLE=1 SRE=2"
"328","7.712581","10.1.0.73","162.159.141.124","TCP","55","4024  >  443 [ACK] Seq=1 Ack=1 Win=4095 Len=1"
"329","7.730977","162.159.141.124","10.1.0.73","TCP","66","443  >  4024 [ACK] Seq=1 Ack=2 Win=17 Len=0 SLE=1 SRE=2"
"330","8.312636","10.1.0.73","35.214.229.62","TCP","54","59441  >  443 [FIN, ACK] Seq=2061 Ack=3985 Win=65024 Len=0"
"331","8.312847","10.1.0.73","182.161.73.175","TCP","54","52281  >  443 [FIN, ACK] Seq=1 Ack=2 Win=253 Len=0"
"332","8.313349","10.1.0.73","23.109.134.64","TLSv1.2","789","Application Data"
"333","8.313443","10.1.0.73","23.109.134.64","TCP","1506","33191  >  443 [ACK] Seq=736 Ack=1 Win=252 Len=1452 [TCP PDU reassembled in 334]"
"334","8.313443","10.1.0.73","23.109.134.64","TLSv1.2","958","Application Data"
"335","8.315956","10.1.0.73","104.18.27.193","QUIC","1292","Initial, DCID=e2f3d5a06fdcd3f8, PKN: 1, PING, CRYPTO, PING, PADDING, PING, PING, CRYPTO, PING, PADDING, PING, CRYPTO, PING, PADDING, CRYPTO, CRYPTO, PADDING, PING"
"336","8.316021","10.1.0.73","104.18.27.193","QUIC","1292","Initial, DCID=e2f3d5a06fdcd3f8, PKN: 2, PING, PING, PADDING, CRYPTO, PADDING, PING, PADDING, CRYPTO, PING, PADDING, PING, PADDING, PING, PING, PADDING, CRYPTO"
"337","8.316316","10.1.0.73","104.18.27.193","TLSv1.2","157","Application Data"
"338","8.316392","10.1.0.73","104.18.27.193","TLSv1.2","93","Application Data"
"339","8.316431","10.1.0.73","104.18.27.193","TCP","1454","3006  >  443 [ACK] Seq=143 Ack=1 Win=255 Len=1400 [TCP PDU reassembled in 341]"
"340","8.316431","10.1.0.73","104.18.27.193","TCP","1454","3006  >  443 [ACK] Seq=1543 Ack=1 Win=255 Len=1400 [TCP PDU reassembled in 341]"
"341","8.316431","10.1.0.73","104.18.27.193","TLSv1.2","55","Application Data"
"342","8.317858","10.1.0.73","34.36.209.34","QUIC","1292","Initial, DCID=a17e887b7f17a063, PKN: 1, CRYPTO, PING, PING, CRYPTO, CRYPTO, CRYPTO, PADDING, PING, CRYPTO, CRYPTO, CRYPTO, PADDING, PING, CRYPTO, CRYPTO, CRYPTO, PADDING, PING, PADDING"
"343","8.317912","10.1.0.73","34.36.209.34","QUIC","1292","Initial, DCID=a17e887b7f17a063, PKN: 2, CRYPTO, PADDING, CRYPTO, PING, CRYPTO, PING, PING, CRYPTO, PADDING, CRYPTO, CRYPTO, PADDING, CRYPTO, CRYPTO, PADDING, CRYPTO, CRYPTO, PADDING, PING, PADDING, CRYPTO, PADDING"
"344","8.318181","10.1.0.73","34.36.209.34","TLSv1.2","189","Application Data"
"345","8.318240","10.1.0.73","34.36.209.34","TLSv1.2","93","Application Data"
"346","8.318277","10.1.0.73","34.36.209.34","TCP","1466","36017  >  443 [ACK] Seq=175 Ack=1 Win=253 Len=1412 [TCP PDU reassembled in 348]"
"347","8.318277","10.1.0.73","34.36.209.34","TCP","1466","36017  >  443 [ACK] Seq=1587 Ack=1 Win=253 Len=1412 [TCP PDU reassembled in 348]"
"348","8.318277","10.1.0.73","34.36.209.34","TLSv1.2","877","Application Data"
"349","8.319147","10.1.0.73","35.154.184.33","TLSv1.2","130","Application Data"
"350","8.319199","10.1.0.73","35.154.184.33","TLSv1.2","100","Application Data"
"351","8.319732","10.1.0.73","35.154.184.33","TLSv1.2","130","Application Data"
"352","8.321051","10.1.0.73","34.111.188.22","QUIC","1292","Initial, DCID=03d6c3d4ba04fa97, PKN: 1, PADDING, PING, CRYPTO, CRYPTO, PING, CRYPTO, PING, PING, CRYPTO, CRYPTO, CRYPTO, PING, PADDING, PING, CRYPTO, PADDING, PING, PING, PING, CRYPTO, PING"
"353","8.321127","10.1.0.73","34.111.188.22","QUIC","1292","Initial, DCID=03d6c3d4ba04fa97, PKN: 2, PADDING, PING, CRYPTO, PING, PADDING, CRYPTO, CRYPTO, CRYPTO, PADDING, PING, PADDING, CRYPTO, PING, CRYPTO, PING"
"354","8.321493","10.1.0.73","34.111.188.22","TLSv1.2","338","Application Data"
"355","8.321543","10.1.0.73","34.111.188.22","TLSv1.2","93","Application Data"
"356","8.321566","10.1.0.73","34.111.188.22","TCP","1466","59455  >  443 [ACK] Seq=324 Ack=1 Win=255 Len=1412 [TCP PDU reassembled in 358]"
"357","8.321566","10.1.0.73","34.111.188.22","TCP","1466","59455  >  443 [ACK] Seq=1736 Ack=1 Win=255 Len=1412 [TCP PDU reassembled in 358]"
"358","8.321566","10.1.0.73","34.111.188.22","TLSv1.2","876","Application Data"
"359","8.322931","10.1.0.73","54.151.166.244","TLSv1.2","260","Application Data"
"360","8.322989","10.1.0.73","54.151.166.244","TLSv1.2","93","Application Data"
"361","8.323013","10.1.0.73","54.151.166.244","TCP","1506","24546  >  443 [ACK] Seq=246 Ack=2 Win=252 Len=1452 [TCP PDU reassembled in 363]"
"362","8.323013","10.1.0.73","54.151.166.244","TCP","1506","24546  >  443 [ACK] Seq=1698 Ack=2 Win=252 Len=1452 [TCP PDU reassembled in 363]"
"363","8.323013","10.1.0.73","54.151.166.244","TLSv1.2","454","Application Data"
"364","8.323463","10.1.0.73","67.199.150.87","TCP","1506","42582  >  443 [ACK] Seq=1 Ack=1 Win=253 Len=1452 [TCP PDU reassembled in 366]"
"365","8.323463","10.1.0.73","67.199.150.87","TCP","1506","42582  >  443 [ACK] Seq=1453 Ack=1 Win=253 Len=1452 [TCP PDU reassembled in 366]"
"366","8.323463","10.1.0.73","67.199.150.87","TLSv1.2","666","Application Data"
"367","8.323555","10.1.0.73","67.199.150.87","TLSv1.2","93","Application Data"
"368","8.323588","10.1.0.73","67.199.150.87","TLSv1.2","1336","Application Data"
"369","8.338009","104.18.27.193","10.1.0.73","TCP","66","443  >  3006 [ACK] Seq=1 Ack=1 Win=19 Len=0 SLE=104 SRE=143"
"370","8.338009","104.18.27.193","10.1.0.73","TCP","54","443  >  3006 [ACK] Seq=1 Ack=143 Win=19 Len=0"
"371","8.338009","104.18.27.193","10.1.0.73","TLSv1.2","93","Application Data"
"372","8.338009","104.18.27.193","10.1.0.73","TCP","66","[TCP Dup ACK 370#1] 443  >  3006 [ACK] Seq=40 Ack=143 Win=19 Len=0 SLE=1543 SRE=2943"
"373","8.338009","104.18.27.193","10.1.0.73","TCP","54","443  >  3006 [ACK] Seq=40 Ack=2943 Win=19 Len=0"
"374","8.338364","34.36.209.34","10.1.0.73","QUIC","82","Initial, SCID=e17e887b7f17a063, PKN: 1, ACK"
"375","8.339673","34.36.209.34","10.1.0.73","TCP","66","443  >  36017 [ACK] Seq=1 Ack=1 Win=1023 Len=0 SLE=136 SRE=175"
"376","8.339673","34.36.209.34","10.1.0.73","TCP","66","443  >  36017 [ACK] Seq=1 Ack=1587 Win=1018 Len=0 SLE=2999 SRE=3822"
"377","8.339673","34.36.209.34","10.1.0.73","TLSv1.2","105","Application Data"
"378","8.339673","34.36.209.34","10.1.0.73","TCP","54","443  >  36017 [ACK] Seq=40 Ack=3822 Win=1010 Len=0"
"379","8.339673","34.36.209.34","10.1.0.73","QUIC","1292","Initial, SCID=e17e887b7f17a063, PKN: 2, ACK, PADDING"
"380","8.340032","104.18.27.193","10.1.0.73","QUIC","1242","Initial, SCID=01a9cfb19626fd334fab32b10b26e86ce696bb61, PKN: 1, ACK, CRYPTO"
"381","8.340032","104.18.27.193","10.1.0.73","QUIC","1242","Initial, SCID=01a9cfb19626fd334fab32b10b26e86ce696bb61, PKN: 2, CRYPTO"
"382","8.340526","10.1.0.73","104.18.27.193","QUIC","1292","Initial, DCID=01a9cfb19626fd334fab32b10b26e86ce696bb61, PKN: 3, ACK, PADDING"
"383","8.340866","104.18.27.193","10.1.0.73","QUIC","1242","Handshake, SCID=01a9cfb19626fd334fab32b10b26e86ce696bb61"
"384","8.340866","104.18.27.193","10.1.0.73","QUIC","966","Handshake, SCID=01a9cfb19626fd334fab32b10b26e86ce696bb61"
"385","8.340866","34.36.209.34","10.1.0.73","QUIC","1292","Handshake, SCID=e17e887b7f17a063"
"386","8.340866","34.36.209.34","10.1.0.73","QUIC","1292","Handshake, SCID=e17e887b7f17a063"
"387","8.341398","10.1.0.73","104.18.27.193","QUIC","93","Handshake, DCID=01a9cfb19626fd334fab32b10b26e86ce696bb61"
"388","8.341824","10.1.0.73","34.36.209.34","QUIC","81","Handshake, DCID=e17e887b7f17a063"
"389","8.342149","34.111.188.22","10.1.0.73","QUIC","82","Initial, SCID=e3d6c3d4ba04fa97, PKN: 1, ACK"
"390","8.342969","34.111.188.22","10.1.0.73","QUIC","1292","Initial, SCID=e3d6c3d4ba04fa97, PKN: 2, ACK, PADDING"
"391","8.343911","34.111.188.22","10.1.0.73","TCP","66","443  >  59455 [ACK] Seq=1 Ack=285 Win=1023 Len=0 SLE=3148 SRE=3970"
"392","8.343911","34.111.188.22","10.1.0.73","TCP","66","443  >  59455 [ACK] Seq=1 Ack=324 Win=1023 Len=0 SLE=3148 SRE=3970"
"393","8.343911","34.111.188.22","10.1.0.73","TCP","66","[TCP Dup ACK 392#1] 443  >  59455 [ACK] Seq=1 Ack=324 Win=1023 Len=0 SLE=1736 SRE=3970"
"394","8.343911","34.111.188.22","10.1.0.73","TCP","54","443  >  59455 [ACK] Seq=1 Ack=3970 Win=1009 Len=0"
"395","8.343911","34.111.188.22","10.1.0.73","TLSv1.2","93","Application Data"
"396","8.343911","34.111.188.22","10.1.0.73","QUIC","1292","Handshake, SCID=e3d6c3d4ba04fa97"
"397","8.344673","10.1.0.73","104.18.27.193","QUIC","127","Handshake, DCID=01a9cfb19626fd334fab32b10b26e86ce696bb61"
"398","8.344816","10.1.0.73","104.18.27.193","QUIC","128","Protected Payload (KP0), DCID=01a9cfb19626fd334fab32b10b26e86ce696bb61"
"399","8.352488","10.1.0.73","34.111.188.22","QUIC","1292","Initial, DCID=e3d6c3d4ba04fa97, PKN: 4, PADDING, PING, PADDING"
"400","8.359841","35.154.184.33","10.1.0.73","TCP","54","443  >  48325 [ACK] Seq=1 Ack=199 Win=198 Len=0"
"401","8.359841","35.154.184.33","10.1.0.73","TLSv1.2","703","[TCP Previous segment not captured] , Application Data"
"402","8.359841","35.154.184.33","10.1.0.73","TLSv1.2","703","Application Data"
"403","8.359921","10.1.0.73","35.154.184.33","TCP","66","[TCP Dup ACK 349#1] 48325  >  443 [ACK] Seq=199 Ack=1 Win=255 Len=0 SLE=47 SRE=696"
"404","8.359952","10.1.0.73","35.154.184.33","TCP","66","[TCP Dup ACK 349#2] 48325  >  443 [ACK] Seq=199 Ack=1 Win=255 Len=0 SLE=47 SRE=1345"
"405","8.364426","104.18.27.193","10.1.0.73","QUIC","570","Protected Payload (KP0)"
